Model,RMSE,MAE
SVD,1.639867944836178,1.2662005991056684
NMF,1.9722327084137712,1.5262446254533764
